,Date,Distance,Phase angle (Radians),Phase angle (Degrees),Solar Elongation (Radians),Solar Elongation (Degrees)
0,2026-01-01,360635999.51201886,0.027635295390536996,1.583385791475108,0.04021635728259268,2.3042275396827727
1,2026-01-02,360517699.17399603,0.02491873620986995,1.4277384156253694,0.03624126318894776,2.076471424949538
2,2026-01-03,360396546.9848132,0.02228182928944733,1.276654778116314,0.03238721570056828,1.8556507698223983
3,2026-01-04,360272594.2474305,0.01975500565079802,1.1318784480478186,0.0286977761430873,1.644261454410124
4,2026-01-05,360145892.0229182,0.017384593560298534,0.9960638395554156,0.025239253835407253,1.4461027228282113
5,2026-01-06,360016491.1151487,0.015241707656691972,0.8732855213006818,0.022113417100541048,1.2670054704734242
6,2026-01-07,359884442.0551289,0.013433304433949633,0.7696716489796893,0.019473336529287847,1.1157399961661283
7,2026-01-08,359749795.08508676,0.012107495618832065,0.6937083994322122,0.0175311555563165,1.0044612233642582
8,2026-01-09,359612600.14245516,0.011430524987264157,0.6549208393890652,0.016525545571169458,0.9468440153791193
9,2026-01-10,359472906.8438881,0.011514449374114832,0.6597293525538321,0.01661825612634406,0.9521559389069388
10,2026-01-11,359330764.46941954,0.01234097031156045,0.7070855139486625,0.01778366963809381,1.0189292145177193
11,2026-01-12,359186221.94682246,0.013774532926269067,0.7892226014392051,0.019826007807374202,1.135946571955961
12,2026-01-13,359039327.8361995,0.015646907672568044,0.8965017720690148,0.02250114376907132,1.2892205721848764
13,2026-01-14,358890130.31479746,0.017818269176332002,1.0209116220318695,0.025605705082497657,1.4670988326837973
14,2026-01-15,358738677.16202855,0.020190561946679786,1.1568339855421952,0.028996962303835017,1.6614035587096907
15,2026-01-16,358585015.7446554,0.02269922429485005,1.30056975031573,0.03258095425024378,1.86675117104779
16,2026-01-17,358429193.00208366,0.025302220360762018,1.4497104389816429,0.036296547179981854,2.0796389643104303
17,2026-01-18,358271255.431711,0.02797184346192738,1.6026685755690446,0.04010349151801828,2.297760807721142
18,2026-01-19,358111249.0742566,0.03068943152902337,1.7583749022687598,0.04397471677055828,2.5195656762361507
19,2026-01-20,357949219.4990173,0.033442102652897265,1.9160913400542672,0.0478915719367818,2.7439849462247707
20,2026-01-21,357785211.78900063,0.03622074517697893,2.0752958294597246,0.05184089590098783,2.970264541303652
21,2026-01-22,357619270.52591634,0.039018763934119516,2.2356104952423204,0.05581319068451527,3.197860267381607
22,2026-01-23,357451439.77504146,0.041831282607900366,2.396755945051695,0.059801459765241316,3.42637125326973
23,2026-01-24,357281763.0700201,0.044654625052715335,2.55852155125974,0.06380045298713324,3.6554966871855608
24,2026-01-25,357110283.3976907,0.0474859705129167,2.720745696472804,0.06780616483013367,3.885007069735056
25,2026-01-26,356937043.18306315,0.05032311954038393,2.8833023615963222,0.07181549389698397,4.114724703944702
26,2026-01-27,356762084.2745747,0.05316433187755676,3.046091837216826,0.07582600716776887,4.344510188041885
27,2026-01-28,356585447.929734,0.05600821208647977,3.209034170628897,0.07983577373856611,4.574252889381212
28,2026-01-29,356407174.8012239,0.05885362747150413,3.3720644631523853,0.0838432455406908,4.803864110160642
29,2026-01-30,356227304.9234728,0.06169964824190988,3.5351294417032055,0.08784717040407686,5.033272106320158
30,2026-01-31,356045877.69963384,0.06454550325017694,3.6981849227830765,0.09184652776626717,5.262418403938238
31,2026-02-01,355862931.8888558,0.06739054681047607,3.86119391131909,0.09584048048624826,5.491255038367949
32,2026-02-02,355678505.5936927,0.0702342335142303,4.024125157701676,0.09982833827926899,5.719742459206392
33,2026-02-03,355492636.2475175,0.07307609889608946,4.18695205002654,0.10380952965074818,5.94784792222605
34,2026-02-04,355305360.6018491,0.07591574443352833,4.349651754634946,0.10778358012469683,6.175544241955271
35,2026-02-05,355116714.7135819,0.07875282579434995,4.512204542745256,0.11175009518848657,6.402808814485488
36,2026-02-06,354926733.9321778,0.08158704354481117,4.674593258067747,0.11570874680997928,6.62962284495964
37,2026-02-07,354735452.8869195,0.08441813574090018,4.836802892316071,0.11965926268800015,6.855970731669655
38,2026-02-08,354542905.47434413,0.08724587197441025,4.998820244072418,0.12360141761381135,7.081839571105345
39,2026-02-09,354349124.8459622,0.09007004855262402,5.160633642603766,0.12753502647726872,7.307218757236705
40,2026-02-10,354154143.39634657,0.09289048456898197,5.322232722727767,0.13145993856477123,7.53209965481048
41,2026-02-11,353957992.7516467,0.09570701867881981,5.483608240076111,0.13537603287959368,7.756475331224983
42,2026-02-12,353760703.758559,0.0985195064376323,5.644751918588275,0.13928321427717708,7.980340335098537
43,2026-02-13,353562306.4737598,0.10132781809079239,5.805656323871755,0.1431814102543822,8.203690512307267
44,2026-02-14,353362830.153791,0.10413183672799198,5.966314757459316,0.14707056826678835,8.426522852277627
45,2026-02-15,353162303.2453649,0.10693145673423698,6.126721168057545,0.15095065347496114,8.648835358857067
46,2026-02-16,352960753.3760369,0.10972658248299405,6.286870076669668,0.15482164684113658,8.87062694126206
47,2026-02-17,352758207.34517384,0.11251712722860141,6.4467565131353775,0.158683543513811,9.09189732152192
48,2026-02-18,352554691.1151365,0.11530301216310201,6.6063759620913425,0.16253635145014467,9.312646955548347
49,2026-02-19,352350229.8025959,0.11808416560968826,6.765724316758997,0.16638009023580946,9.53287696551768
50,2026-02-20,352144847.669913,0.12086052233033318,6.924797839274732,0.17021479006986023,9.752589081708306
51,2026-02-21,351938568.1165604,0.12363202292907038,7.083593126500355,0.17404049088807483,9.971785592271749
52,2026-02-22,351731413.6706081,0.12639861333623204,7.242107080472097,0.17785724160317393,10.190469299700466
53,2026-02-23,351523405.9803616,0.12916024436099782,7.400336882763566,0.1816650994439158,10.408643482960773
54,2026-02-24,351314565.8062714,0.13191687130227336,7.558279972190712,0.18546412937820908,10.626311864439641
55,2026-02-25,351104913.0132639,0.1346684536090219,7.715934025350275,0.18925440360743248,10.843478580971343
56,2026-02-26,350894466.5636146,0.13741495458291508,7.873296939582924,0.19303600112127495,11.060148158331682
57,2026-02-27,350683244.5104551,0.14015634111679853,8.030366817988442,0.1968090073037677,11.276325488665284
58,2026-02-28,350471263.99192387,0.14289258346366562,8.1871419561889,0.20057351358281775,11.492015810405348
59,2026-03-01,350258541.22592473,0.14562365503169872,8.34362083058537,0.20432961711656614,11.707224690303304
60,2026-03-02,350045091.50538826,0.1483495322012942,8.49980208787426,0.20807742051116476,11.92195800725861
61,2026-03-03,349830929.1939038,0.1510701941609649,8.65568453564518,0.21181703156560386,12.136221937698437
62,2026-03-04,349616067.7215959,0.1537856227596479,8.811267133918841,0.21554856303996506,12.350022942299564
63,2026-03-05,349400519.5811454,0.15649580237313154,8.96654898749385,0.21927213244429017,12.563367753891434
64,2026-03-06,349184296.323904,0.15920071978295836,9.121529339008385,0.22298786184572902,12.776263366406553
65,2026-03-07,348967408.5561123,0.1619003640664527,9.27620756263923,0.22669587769187127,12.988717024758134
66,2026-03-08,348749865.9352678,0.16459472649655682,9.430583158362808,0.23039631064855967,13.200736215547495
67,2026-03-09,348531677.1667112,0.1672838004506021,9.584655746728158,0.23408929545055815,13.412328658507965
68,2026-03-10,348312850.00052375,0.1699675813267203,9.738425064067654,0.23777497076344908,13.623502298592173
69,2026-03-11,348093391.2288017,0.17264606646729552,9.89189095811112,0.24145347905548442,13.834265298629676
70,2026-03-12,347873306.6833816,0.1753192550884557,10.045053383945994,0.24512496647801518,14.044626032476053
71,2026-03-13,347652601.23406225,0.1779871482149491,10.197912400286027,0.24878958275331506,14.254593078585689
72,2026-03-14,347431278.7873553,0.18064974861947958,10.35046816599545,0.2524474810687992,14.464175213950943
73,2026-03-15,347209342.285785,0.18330706076607584,10.502720936844264,0.25609881797654116,14.673381408344905
74,2026-03-16,346986793.70772386,0.18595909075679584,10.65467106245464,0.2597437532973546,14.88222081882568
75,2026-03-17,346763634.0677369,0.1886058462810416,10.806318983396856,0.2633824500286096,15.090702784454638
76,2026-03-18,346539863.41737086,0.19124733656722803,10.957665228420144,0.26701507425524684,15.298836821197927
77,2026-03-19,346315480.84630007,0.19388357233616738,11.108710411781793,0.2706417950634901,15.506632616982541
78,2026-03-20,346090484.48371524,0.19651456575595638,11.259455230662395,0.2742627844571362,15.714100026900097
79,2026-03-21,345864871.4998492,0.1991403303980137,11.40990046264696,0.2778782172763289,15.921249068552923
80,2026-03-22,345638638.1075627,0.20176088119455793,11.560046963288588,0.28148827111898234,16.12808991755195
81,2026-03-23,345411779.563972,0.20437623439727215,11.709895663740136,0.2850931262650095,16.334632903175322
82,2026-03-24,345184290.1721739,0.20698640753748832,11.859447568472932,0.28869296560347146,16.54088850419436
83,2026-03-25,344956163.2831924,0.20959141938786452,12.008703753081052,0.2922879745624647,16.74686734485639
84,2026-03-26,344727391.29828656,0.21219128992565617,12.157665362176923,0.295878341041504,16.95258019101059
85,2026-03-27,344497965.6717583,0.2147860402972821,12.30633360736109,0.2994642553458507,17.158037946345246
86,2026-03-28,344267876.91435146,0.21737569278404978,12.454709765258436,0.3030459101221545,17.363251648700327
87,2026-03-29,344037114.5972599,0.21996027076845426,12.602795175587241,0.3066235002949877,17.568232466431148
88,2026-03-30,343805667.3567173,0.22253979870088214,12.750591239251467,0.3101972230037346,17.772991694792406
89,2026-03-31,343573522.8990794,0.22511430206647942,12.898099416442417,0.31376727753968553,17.97754075233393
90,2026-04-01,343340668.0062909,0.2276838073515992,13.045321224716341,0.31733386528325996,18.181891177303832
91,2026-04-02,343107088.5416231,0.2302483420102548,13.192258237072329,0.32089718964148095,18.38605462406606
92,2026-04-03,342872769.45558476,0.23280793443001002,13.33891207999798,0.3244574559859198,18.590042859544873
93,2026-04-04,342637694.7919405,0.23536261389791768,13.485284431517817,0.32801487159141157,18.793867759713528
94,2026-04-05,342401847.6938093,0.23791241056617052,13.631377019225223,0.3315696455757202,18.997541306137318
95,2026-04-06,342165210.4098425,0.24045735541798585,13.77719161832779,0.33512198884047456,19.201075582589464
96,2026-04-07,341927764.30052483,0.24299748023358703,13.922730049698183,0.3386721140133385,19.404482771737722
97,2026-04-08,341689489.8446379,0.24553281755655565,14.06799417794628,0.34222023539158847,19.607775151911586
98,2026-04-09,341450366.64595187,0.24806340066057286,14.212985909513582,0.34576656888691865,19.81096509393988
99,2026-04-10,341210373.44021004,0.2505892635164866,14.3577071907863,0.34931133197141123,20.01406505805508
100,2026-04-11,340969488.10244924,0.2531104407598219,14.502160006233842,0.3528547436244962,20.217087590854327
101,2026-04-12,340727687.65471214,0.25562696765854964,14.646346376562086,0.3563970242807029,20.4200453223058
102,2026-04-13,340484948.2741914,0.25813888008110153,14.790268356880791,0.3599383957778954,20.622950962782856
103,2026-04-14,340241245.3018155,0.26064621446444214,14.933928034874246,0.3634790813058508,20.825817300117752
104,2026-04-15,339996553.25127506,0.2631490077820673,15.077327528967713,0.36701930535490584,21.02865719665932
105,2026-04-16,339750845.8184521,0.2656472975115909,15.220468986470294,0.3705592936644594,21.231483586322387
106,2026-04-17,339504095.8911645,0.26814112160191605,15.363354581693978,0.37409927317137326,21.434309471631355
107,2026-04-18,339256275.5591092,0.270630518439654,15.505986514029576,0.37763947195836073,21.63714792076307
108,2026-04-19,339007356.12386906,0.2731155268148888,15.648367005985193,0.3811801192026468,21.84001206460529
109,2026-04-20,338757308.1088592,0.275596185886374,15.790498301192136,0.3847214451254784,22.04291509386381
110,2026-04-21,338506101.2691562,0.27807253514642616,15.932382662393469,0.38826368094293034,22.24587025624388
111,2026-04-22,338253704.6012309,0.2805446143859349,16.07402236943923,0.3918070588184554,22.4488908537315
112,2026-04-23,338000086.3527012,0.28301246365978994,16.215419717305547,0.39535181181718765,22.6519902399752
113,2026-04-24,337745214.03223634,0.2854761232528831,16.3565770141467,0.39889817386195603,22.85518181776581
114,2026-04-25,337489054.4197581,0.2879356336469052,16.497496579392728,0.40244637969059494,23.05847903659054
115,2026-04-26,337231573.5770355,0.2903910354873984,16.638180741861643,0.4059966648140632,23.261895390233352
116,2026-04-27,336972736.8587077,0.2928423695513618,16.778631837903397,0.40954926547501624,23.46544441440135
117,2026-04-28,336712508.923713,0.29528967671462514,16.91885220953052,0.4131044186065754,23.669139684362406
118,2026-04-29,336450853.74706715,0.2977329979192538,17.058844202550564,0.41666236179114174,23.872994812585393
119,2026-04-30,336187734.63190424,0.3001723741403399,17.19861016466337,0.4202233332192804,24.077023446384413
120,2026-05-01,335923114.22168624,0.30260784635258986,17.338152443546683,0.4237875716488689,24.28123926557817
121,2026-05-02,335656954.51249546,0.30503945549620903,17.47747338490148,0.4273553163646933,24.48565598017501
122,2026-05-03,335389216.86533886,0.30746724244249,17.616575330480334,0.43092680713878684,24.69028732810048
123,2026-05-04,335119862.01841784,0.3098912479590581,17.755460616096116,0.4345022841917587,24.89514707298164
124,2026-05-05,334848850.09933746,0.31231151267486545,17.894131569616306,0.43808198815536653,25.100249002002624
125,2026-05-06,334576140.63725775,0.3147280770452352,18.032590508960183,0.44166616003650455,25.305606923841296
126,2026-05-07,334301692.57501054,0.3171409813169963,18.17083974010118,0.4452550411826831,25.5112346666914
127,2026-05-08,334025464.28121954,0.31955026549373544,18.308881555075985,0.4488488732490091,25.717146076370657
128,2026-05-09,333747413.56247455,0.3219559693015368,18.446718230021553,0.45244789816663095,25.92335501451281
129,2026-05-10,333467497.6756119,0.32435813215487297,18.58435202322082,0.4560523581124774,26.129875356833764
130,2026-05-11,333185673.34017164,0.3267567931230464,18.72178517317992,0.4596624954801031,26.336720991461185
131,2026-05-12,332901896.7510608,0.32915199089684855,18.859019896717914,0.4632785528513732,26.543905817312137
132,2026-05-13,332616123.5915068,0.3315437637554206,18.996058387068032,0.4669007729686138,26.751443742497404
133,2026-05-14,332328309.04629433,0.33393214953330386,19.132902811989815,0.47052939870704985,26.95934868274233
134,2026-05-15,332038407.81529236,0.33631718558720314,19.269555311864778,0.47416467304711774,27.167634559800426
135,2026-05-16,331746374.1272087,0.33869890876249764,19.406017997777653,0.47780683904666427,27.37631529986049
136,2026-05-17,331452161.75347245,0.3410773553591686,19.542292949564153,0.48145613981300633,27.58540483194575
137,2026-05-18,331155724.022086,0.3434525610970791,19.67838221382168,0.4851128184752998,27.794917086330706
138,2026-05-19,330857013.8313081,0.34582456108067827,19.814287801887012,0.4887771181577766,28.004865993007755
139,2026-05-20,330555983.6630768,0.34819338976352743,19.9500116878038,0.4924492819544642,28.21526548023869
140,2026-05-21,330252585.59615886,0.35055908091307764,20.08555580630448,0.496129552905983,28.426129473225313
141,2026-05-22,329946771.3191162,0.35292166757600363,20.22092205082404,0.4998181739785076,28.637471892903992
142,2026-05-23,329638492.14322144,0.3552811820444899,20.356112271568353,0.5035153880448904,28.849306654864126
143,2026-05-24,329327699.0154693,0.35763765582341955,20.49112827363427,0.5072214378674873,29.061647668364138
144,2026-05-25,329014342.53176236,0.3599911195984875,20.625971815182588,0.5109365660823425,29.274508835425312
145,2026-05-26,328698372.9503582,0.3623416032048139,20.76064460563978,0.5146610151842019,29.487904049973146
146,2026-05-27,328379740.20555174,0.3646891355960058,20.895148303925332,0.51839502751216,29.701847197014967
147,2026-05-28,328058393.9215763,0.36703374481307716,21.02948451667099,0.5221388452356488,29.91635215183715
148,2026-05-29,327734283.42666006,0.3693754579533439,21.163654796438603,0.52589271034077,30.131432779222028
149,2026-05-30,327407357.76716954,0.37171430113890214,21.29766063991402,0.529656864617007,30.34710293268653
150,2026-05-31,327077565.7217716,0.37405029948463264,21.43150348607392,0.5334315496444194,30.563376453748482
151,2026-06-01,326744855.81554955,0.3763834770657839,21.56518471432843,0.5372170067814794,30.780267171229696
152,2026-06-02,326409176.3340126,0.3787138568850459,21.698705642634604,0.5410134771538603,30.99778890061358
153,2026-06-03,326070475.33696824,0.3810414608393975,21.832067525596912,0.5448212016442688,31.21595544346259
154,2026-06-04,325728700.67223257,0.3833663096865525,21.96527155254475,0.5486404208835933,31.43478058691105
155,2026-06-05,325383799.9891806,0.38568842301139794,22.098318845609484,0.5524713752434668,31.65427810323904
156,2026-06-06,325035720.7521534,0.388007819192679,22.23121045781565,0.5563143048303649,31.874461749534255
157,2026-06-07,324684410.2537659,0.3903245153695858,22.3639473711665,0.5601694494811521,32.0953452674368
158,2026-06-08,324329815.6281582,0.3926385274089417,22.496530494764052,0.5640370487601081,32.31694238296882
159,2026-06-09,323971883.8642609,0.39494986987274494,22.62896066294935,0.5679173419571834,32.539266806434554
160,2026-06-10,323610561.81914383,0.3972585559862236,22.76123863347214,0.5718105680872485,32.76233223237734
161,2026-06-11,323245796.23151606,0.3995645976062443,22.893365085680834,0.5757169658900713,32.98615233957826
162,2026-06-12,322877533.73542136,0.40186800519018995,23.025340618739346,0.5796367738306341,33.21074079107437
163,2026-06-13,322505720.8741777,0.4041687877647089,23.157165749836526,0.5835702300994807,33.43611123417856
164,2026-06-14,322130304.1145028,0.40646695289443,23.28884091239368,0.5875175726129304,33.662277300491795
165,2026-06-15,321751229.8607564,0.4087625066499978,23.420366454233122,0.5914790390132042,33.889252605910364
166,2026-06-16,321368444.46915835,0.41105545357524775,23.55174263569744,0.595454866668789,34.11705075064677
167,2026-06-17,320981894.2618275,0.4133457966536045,23.682969627724283,0.5994452926755688,34.34568531929449
168,2026-06-18,320591525.5405262,0.41563353727356533,23.814047509868683,0.6034505538593876,34.57516988097488
169,2026-06-19,320197284.6000775,0.41791867519402315,23.944976268316218,0.6074708867804995,34.8055179895921
170,2026-06-20,319799117.7415157,0.42020120850944176,24.075755793887705,0.6115065277400089,35.03674318420211
171,2026-06-21,319396971.28507465,0.42248113361543504,24.20638588006704,0.6155577127882055,35.268858989490276
172,2026-06-22,318990791.5831521,0.42475844517488026,24.336866221059605,0.6196246777343489,35.50187891633195
173,2026-06-23,318580525.0333497,0.42703313608446347,24.4671964098755,0.6237076581575406,35.735816462415364
174,2026-06-24,318166118.09166104,0.429305197441606,24.59737593643453,0.6278068894181983,35.97068511289915
175,2026-06-25,317747517.28582716,0.43157461851159695,24.727404185683074,0.6319226066699198,36.20649834109197
176,2026-06-26,317324669.2288757,0.43384138669452454,24.857280435699366,0.636055044871507,36.443269609141545
177,2026-06-27,316897520.63278544,0.4361054874921275,24.98700385579422,0.6402044387991656,36.6810123687336
178,2026-06-28,316466018.32225746,0.43836690447399373,25.116573504574365,0.6443710230588593,36.919740061799686
179,2026-06-29,316030109.248531,0.44062561924330756,25.245988327979912,0.6485550320989557,37.15946612124179
180,2026-06-30,315589740.50318754,0.4428816114018268,25.375247157277673,0.6527567002233587,37.40020397168474
181,2026-07-01,315144859.3318899,0.4451348585141437,25.504348707013474,0.6569762616053515,37.64196703026931
182,2026-07-02,314695413.1480081,0.44738533607120523,25.633291572922012,0.6612139503023722,37.884768707498885
183,2026-07-03,314241349.5461014,0.44963301745301143,25.76207422978964,0.6654700002719268,38.12862240815115
184,2026-07-04,313782616.3152222,0.4518778738909428,25.890695029295877,0.6697446453889575,38.373541532273215
185,2026-07-05,313319161.452058,0.4541198744293995,26.019152197815504,0.6740381194646664,38.61953947626017
186,2026-07-06,312850933.17392176,0.45635898588728097,26.147443834211497,0.6783506562669495,38.866629634025834
187,2026-07-07,312377879.9316397,0.4585951728192028,26.275567907612928,0.6826824895423541,39.11482539826085
188,2026-07-08,311899950.42239857,0.460828397476877,26.403522255202205,0.687033853039414,39.36414016176967
189,2026-07-09,311417093.6026313,0.4630586197703721,26.531304579995464,0.6914049805330786,39.61458731887025
190,2026-07-10,310929258.7010242,0.46528579722970465,26.65891244864189,0.6957961058498923,39.866180266836714
191,2026-07-11,310436395.2317212,0.46750988496619517,26.786343289209597,0.7002074628935088,40.11893240736125
192,2026-07-12,309938453.0077757,0.46973083563380325,26.913594388970303,0.7046392856701562,40.3728571480131
193,2026-07-13,309435382.1548398,0.471948599389691,27.040662892139757,0.709091808313902,40.62796790368616
194,2026-07-14,308927133.1250401,0.474163123853967,27.167545797571236,0.7135652651116667,40.88427809803219
195,2026-07-15,308413656.7109,0.4763743540679064,27.294239956361775,0.7180598905284509,41.14180116490615
196,2026-07-16,307894904.05918175,0.47858223245074294,27.42074206937648,0.7225759192333147,41.40055054985478
197,2026-07-17,307370826.68451947,0.48078669875487545,27.547048684682075,0.7271135861267467,41.66053971168467
198,2026-07-18,306841376.4827756,0.4829876900199701,27.67315619491716,0.73167312637006,41.921782124146574
199,2026-07-19,306306505.7441563,0.4851851405260903,27.79906083460673,0.7362547754168991,42.18429127774059
200,2026-07-20,305766167.16616565,0.4873789817465468,27.92475867746072,0.7408587690467555,42.44808068163648
201,2026-07-21,305220313.866492,0.48956914230025106,28.05024563364401,0.7454853434003005,42.71316386569808
202,2026-07-22,304668899.39594847,0.4917555479041096,28.175517447048854,0.7501347350159447,42.979554382578
203,2026-07-23,304111877.7515239,0.4939381213250007,28.300569692543345,0.7548071808674485,43.24726580987258
204,2026-07-24,303549203.3896149,0.4961167823314758,28.425397773204093,0.7595029184020852,43.516311752308425
205,2026-07-25,302980831.2394351,0.4982914476448186,28.54999691751213,0.7642221855793796,43.78670584396202
206,2026-07-26,302406716.71662825,0.500462030889361,28.674362176506225,0.7689652209101226,44.05846175049503
207,2026-07-27,301826815.73704726,0.5026284425417211,28.79848842087442,0.7737322634958406,44.3315931714158
208,2026-07-28,301241084.7306747,0.5047905898789211,28.92237033798143,0.7785235530687055,44.60611384236599
209,2026-07-29,300649480.65564525,0.5069483769250613,29.046002428813264,0.7833393300321154,44.88203753744571
210,2026-07-30,300051961.0123156,0.5091017043964863,29.16937900483549,0.7881798355021733,45.15937807159002
211,2026-07-31,299448483.8573339,0.5112504696453617,29.29249418476043,0.7930453113503383,45.43814930301271
212,2026-08-01,298839007.81764966,0.5133945666014048,29.41534189120855,0.7979360002476601,45.71836513574073
213,2026-08-02,298223492.1044384,0.5155338857121885,29.537915847288133,0.8028521457107957,46.00003952225079
214,2026-08-03,297601896.5268939,0.5176683138818055,29.66020957308102,0.807793992150278,46.28318646623488
215,2026-08-04,296974181.5059223,0.5197977344080051,29.782216382040787,0.8127617849209468,46.5678200254898
216,2026-08-05,296340308.08773446,0.5219220269184168,29.903929377338628,0.8177557703748536,46.85395431494839
217,2026-08-06,295700237.9574257,0.5240410673054479,30.025341448133275,0.8227761959162608,47.1416035098307
218,2026-08-07,295053933.452597,0.5261547276605429,30.146445265804346,0.8278233100586656,47.43078184891129
219,2026-08-08,294401357.57713366,0.5282628762075312,30.26723328013341,0.8328973624832497,47.72150363786808
220,2026-08-09,293742474.01522386,0.5303653772349817,30.387697715428242,0.8379986040983466,48.01378325268963
221,2026-08-10,293077247.14567053,0.5324620910274662,30.507830566584474,0.8431272870995602,48.30763514311966
222,2026-08-11,292405642.0565412,0.5345528737952114,30.627623595054956,0.8482836650301165,48.60307383611494
223,2026-08-12,291727624.5600892,0.5366375776016028,30.747068324696038,0.8534679928416367,48.90011393932733
224,2026-08-13,291043161.2078686,0.538716050288202,30.86615603747139,0.8586805269555781,49.19877014462414
225,2026-08-14,290352219.3059092,0.5407881353969377,30.984877768993854,0.8639215253259965,49.49905723168406
226,2026-08-15,289654766.92984307,0.5428536720893975,31.10322430390121,0.8691912475042634,49.800990071705236
227,2026-08-16,288950772.9399018,0.5449124950634454,31.221186171078728,0.8744899547063382,50.1045836312597
228,2026-08-17,288240206.99576825,0.5469644344676707,31.338753638757428,0.8798179098829566,50.409852976314816
229,2026-08-18,287523039.57134664,0.5490093158136711,31.455916709488278,0.8851753777926072,50.71681327641457
230,2026-08-19,286799241.96949476,0.5510469598870138,31.57266511504066,0.8905626250774062,51.02547980902687
231,2026-08-20,286068786.3368288,0.5530771826564647,31.68898831120156,0.8959799203414108,51.33586796403054
232,2026-08-21,285331645.67865777,0.5550997951819832,31.804875472504065,0.9014275342312903,51.64799324833748
233,2026-08-22,284587793.8741217,0.5571146035210757,31.920315486861828,0.9069057395190172,51.96187129063048
234,2026-08-23,283837205.6915661,0.5591214086335201,32.03529695011017,0.9124148111865239,52.27751784621371
235,2026-08-24,283079856.8041818,0.5611200062840744,32.1498081604317,0.9179550265121953,52.59494880196838
236,2026-08-25,282315723.80591905,0.5631101869429496,32.2638371126538,0.9235266651592032,52.91418018141391
237,2026-08-26,281544784.22766936,0.5650917356838421,32.37737149240641,0.9291300092657423,53.235228149878104
238,2026-08-27,280767016.5536951,0.5670644320789595,32.49039867010731,0.9347653435373199,53.55810901978493
239,2026-08-28,279982400.23826975,0.569028050091057,32.60290569477636,0.9404329553413648,53.882839256075236
240,2026-08-29,279190915.7224797,0.5709823579619586,32.71487928764822,0.946133134804511,54.20943548178066
241,2026-08-30,278392544.45113105,0.5729271180974553,32.82630583557748,0.9518661749129855,54.537914483775474
242,2026-08-31,277587268.8896991,0.5748620869484986,32.93717138423153,0.9576323716165915,54.868293218734344
243,2026-09-01,276775072.54127985,0.5767870148886685,33.04746163107008,0.9634320239367088,55.200588819320316
244,2026-09-02,275955939.9635192,0.578701646087969,33.15716191811407,0.9692654340786163,55.53481860062043
245,2026-09-03,275129856.7855241,0.580605718383369,33.26625722452828,0.9751329075483373,55.87100006684042
246,2026-09-04,274296809.72481954,0.5824989631460773,33.37473215901671,0.9810347532737888,56.20915091824612
247,2026-09-05,273456786.6044158,0.5843811051461238,33.48257095206369,0.9869712837300512,56.549289058340825
248,2026-09-06,272609776.37009656,0.5862518624139814,33.58975744800535,0.9929428150682125,56.89143260124758
249,2026-09-07,271755769.10803086,0.5881109460995924,33.69627509695248,0.9989496672472952,57.23559987926798
250,2026-09-08,270894756.06277627,0.58995806032814,33.80210694652683,1.0049921641689703,57.58180945060076
251,2026-09-09,270026729.6557302,0.5917929020523407,33.90723563339804,1.0110706338147861,57.93008010720438
252,2026-09-10,269151683.503999,0.5936151609007578,34.01164337459271,1.0171854083862382,58.2804308828225
253,2026-09-11,268269612.43964332,0.5954245190212744,34.11531195852603,1.023336824448059,58.63288106119382
254,2026-09-12,267380512.52919397,0.5972206509196027,34.218222735749066,1.0295252230755763,58.98745018449511
255,2026-09-13,266484381.09334043,0.5990032232922138,34.3203566093763,1.0357509500069524,59.3441580620639
256,2026-09-14,265581216.72673464,0.6007718948538816,34.42169402520468,1.0420143558009152,59.70302477943575
257,2026-09-15,264671019.31785524,0.6025263161599614,34.52221496153088,1.0483157960005682,60.06407070772995
258,2026-09-16,263753790.06894138,0.6042661294233271,34.621898918662616,1.0546556313034594,60.427316513393656
259,2026-09-17,262829531.5160539,0.6059909683265254,34.72072490815585,1.0610342277377947,60.79278316829826
260,2026-09-18,261898247.54929093,0.6077004578290568,34.81867144177282,1.067451956844859,61.16049196019131
261,2026-09-19,260959943.43325642,0.6093942139698618,34.91571652016531,1.0739091958672136,61.53046450347941
262,2026-09-20,260014625.82782683,0.6110718436649947,35.01183762128225,1.080406327942608,61.902722750338576
263,2026-09-21,259062302.80927408,0.6127329445002823,35.107011688489884,1.0869437423034354,62.277289002142204
264,2026-09-22,258102983.89181376,0.6143771045189665,35.20121511840464,1.0935218344815003,62.654185921193346
265,2026-09-23,257136680.0495928,0.6160039020036834,35.294423748401414,1.1001410065182464,63.03343654276991
266,2026-09-24,256163403.7391589,0.617612905252797,35.38661284379846,1.106801667180416,63.41506428748104
267,2026-09-25,255183168.9224388,0.6192036723504786,35.47775708468389,1.1135042321812485,63.79909297394084
268,2026-09-26,254195991.09018952,0.6207757509301772,35.567830552363546,1.1202491244077695,64.18554683179109
269,2026-09-27,253201887.28593987,0.6223286779309234,35.656806715398204,1.1270367741544034,64.57445051508626
270,2026-09-28,252200876.130334,0.6238619793460338,35.74465841520547,1.1338676193638837,64.96582911609663
271,2026-09-29,251192977.8458593,0.6253751699638777,35.83135785120672,1.1407421058759413,65.35970817955715
272,2026-09-30,250178214.2818645,0.6268677531004041,35.91687656550208,1.1476606876847901,65.75611371742016
273,2026-10-01,249156608.93983808,0.6283392203235865,36.00118542708226,1.1546238272059408,66.15507222414284
274,2026-10-02,248128186.99895412,0.62978905116969,36.08425461557188,1.1616319955525762,66.55661069252223
275,2026-10-03,247092975.34189612,0.6312167128520181,36.16605360454182,1.1686856728216857,66.96075663008956
276,2026-10-04,246051002.58106402,0.6326216599619223,36.246551144378444,1.1757853483894585,67.3675380760351
277,2026-10-05,245002299.08526558,0.6340033341627866,36.32571524475008,1.1829315212155114,67.77698361863901
278,2026-10-06,243946897.00701213,0.6353611638763379,36.40351315663402,1.1901247001554103,68.1891224131776
279,2026-10-07,242884830.31052288,0.6366945639614161,36.47991135391139,1.197365404281144,68.6039842002851
280,2026-10-08,241816134.80051947,0.6380029353843883,36.55487551448322,1.204654163209426,69.02159932476397
281,2026-10-09,240740848.15182117,0.6392856648805978,36.62837050087297,1.211991517438266,69.44199875486896
282,2026-10-10,239659009.93977183,0.6405421246061493,36.70036034027524,1.2193780186921583,69.86521410208508
283,2026-10-11,238570661.67142928,0.6417716717792747,36.770808204007565,1.2268142302769576,70.29127764146037
284,2026-10-12,237475846.81748283,0.642973648310881,36.839676386342376,1.2343007274452342,70.72022233253927
285,2026-10-13,236374610.8448666,0.6441473804237607,36.906926282689355,1.2418380977728742,71.15208184094017
286,2026-10-14,235267001.2500239,0.6452921782605561,36.97251836713343,1.2494269415477035,71.58689056062201
287,2026-10-15,234153067.59282294,0.6464073354801361,37.03641216930891,1.2570678721705817,72.0246836368652
288,2026-10-16,233032861.53116912,0.6474921288426811,37.09856625062655,1.2647615165690425,72.46549698997147
289,2026-10-17,231906436.85634384,0.6485458177833503,37.1589381798465,1.272508515623684,72.90936733969427
290,2026-10-18,230773849.52914667,0.6495676439745939,37.21748450800069,1.2803095246071436,73.35633223039015
291,2026-10-19,229635157.71689513,0.650556830876968,37.27416074265635,1.2881652136357022,73.80643005689379
292,2026-10-20,228490421.83139008,0.6515125832785116,37.328921321524284,1.2960762681332008,74.25970009109844
293,2026-10-21,227339704.5678926,0.6524340868221747,37.381719585382534,1.3040433893073866,74.7161825092486
294,2026-10-22,226183070.94521543,0.6533205075213986,37.43250775032109,1.312067294638483,75.17591841993294
295,2026-10-23,225020588.34698498,0.6541709912632538,37.481236879273894,1.3201487183801328,75.6389498927863
296,2026-10-24,223852326.56416792,0.6549846632987233,37.52785685281411,1.3282884120726892,76.10531998789904
297,2026-10-25,222678357.8388881,0.6557606277197179,37.57231633918941,1.3364871450694007,76.57507278596525
298,2026-10-26,221498756.9095806,0.6564979669220294,37.61456276355141,1.3447457050759755,77.04825341919752
299,2026-10-27,220313601.05750242,0.6571957410536045,37.65454227634407,1.3530648987042877,77.52490810305194
300,2026-10-28,219122970.15454534,0.6578529874474595,37.69219972081215,1.361445552041513,78.00508416883717
301,2026-10-29,217926946.7123202,0.6584687200390302,37.72747859961781,1.369888511235709,78.48883009726579
302,2026-10-30,216725615.93248484,0.6590419287675489,37.76032104054199,1.3783946430986622,78.97619555299475
303,2026-10-31,215519065.75826138,0.6595715789619927,37.790667761301904,1.386964835726755,79.4672314201986
304,2026-11-01,214307386.92722672,0.6600566107121022,37.81845803351302,1.3955999991394283,79.96198983915056
305,2026-11-02,213090673.02543306,0.6604959382250222,37.84362964582731,1.4043010659349147,80.46052424379336
306,2026-11-03,211869020.54301187,0.6608884491681293,37.86611886628005,1.413068991962224,80.96288940024108
307,2026-11-04,210642528.93140116,0.6612330039983068,37.885860403860065,1.4219047570086178,81.46914144616866
308,2026-11-05,209411300.6623665,0.6615284352778397,37.90278736931345,1.4308093655017202,81.97933793103978
309,2026-11-06,208175441.2889319,0.6617735469765083,37.916831235156444,1.4397838472259286,82.49353785715421
310,2026-11-07,206935059.50832444,0.6619671137599124,37.92792179489942,1.448829258053006,83.01180172150768
311,2026-11-08,205690267.2270363,0.6621078802634499,37.93598712144894,1.4579466806867454,83.534191558458
312,2026-11-09,204441179.62800452,0.662194560351919,37.94095352468604,1.4671372254222563,84.06077098322896
313,2026-11-10,203187915.24000582,0.6622258363647457,37.94274550822101,1.476402030919637,84.59160523623848
314,2026-11-11,201930596.00925073,0.6622003583468663,37.94128572532615,1.4857422649924141,85.12676122827288
315,2026-11-12,200669347.3732203,0.6621167432660364,37.93649493409096,1.4951591254105094,85.66630758649355
316,2026-11-13,199404298.33679995,0.6619735742170412,37.92829195182663,1.5046538407171959,86.21031470124494
317,2026-11-14,198135581.5507421,0.6617693996141449,37.916593608796916,1.5142276710594518,86.75885477363049
318,2026-11-15,196863333.39254355,0.6615027323725542,37.90131470131937,1.523881909030567,87.31200186379034
319,2026-11-16,195587694.0498239,0.661172049080661,37.88236794433839,1.5336178805236953,87.86983193980628
320,2026-11-17,194308807.60628742,0.6607757891643886,37.85966392354578,1.5434369455949035,88.43242292715082
321,2026-11-18,193026822.13039654,0.6603123540452733,37.83311104714233,1.5533404993338098,88.99985475857116
322,2026-11-19,191741889.76686195,0.6597801062941939,37.80261549735015,1.5633299727398262,89.57220942429409
323,2026-11-20,190454166.8310912,0.6591773687824105,37.76808118177075,1.573406833601792,90.14957102242528
324,2026-11-21,189163813.90670028,0.6585024238323536,37.729409684728815,1.5835725873785784,90.73202580940432
325,2026-11-22,187870995.94627517,0.6577535123698008,37.68650021869558,1.5938287780778193,91.31966225035215
326,2026-11-23,186575882.37546492,0.6569288330799861,37.63924957593734,1.604176989130484,91.91257106918047
327,2026-11-24,185278647.20057714,0.6560265415698807,37.58755208051782,1.6146188442582534,92.5108452982887
328,2026-11-25,183979469.1197544,0.655044749538666,37.53129954076964,1.6251560083313508,93.11458032771405
329,2026-11-26,182678531.63776657,0.6539815239594153,37.47038120240823,1.6357901882145285,93.72387395360306
330,2026-11-27,181376023.1844439,0.6528348862748463,37.40468370245177,1.646523133598493,94.33882642584864
331,2026-11-28,180072137.23671904,0.6516028116109398,37.33409102416493,1.6573566378136224,94.95954049471274
332,2026-11-29,178767072.44420195,0.6502832280134436,37.258484453313706,1.6682925386222254,95.5861214562194
333,2026-11-30,177461032.75831595,0.6488740157128046,37.177742536049166,1.6793327189836877,96.21867719599442
334,2026-12-01,176154227.56498653,0.6473730064238348,37.091741038781265,1.6904791077863015,96.85731823119606
335,2026-12-02,174846871.8209744,0.6457779826873904,37.00035291045981,1.7017336805382368,97.50215775010489
336,2026-12-03,173539186.19392812,0.6440866772607072,36.9034482476433,1.713098460009886,98.1533116489273
337,2026-12-04,172231397.20625108,0.6422967725645301,36.8008942628217,1.724575516819019,98.81089856532252
338,2026-12-05,170923737.382825,0.6404059001943976,36.692555256415204,1.7361669699503754,99.47503990817293
339,2026-12-06,169616445.4026622,0.6384116405049873,36.57829259295893,1.7478749872002337,100.14585988305618
340,2026-12-07,168309766.2544341,0.6363115222763045,36.45796468197691,1.759701785536816,100.82348551289469
341,2026-12-08,167003951.3958501,0.6341030224719106,36.331426964129676,1.7716496313661396,101.50804665318792
342,2026-12-09,165699258.91679212,0.6317835660996964,36.198531903237075,1.7837208406923837,102.19967600120066
343,2026-12-10,164395953.7060393,0.6293505261874093,36.059128984876146,1.7959177791611614,102.89850909844237
344,2026-12-11,163094307.62143722,0.6268012238855607,35.913064722277234,1.8082428619724413,103.60468432567795
345,2026-12-12,161794599.66324824,0.6241329287121706,35.76018267034686,1.820698553649337,104.3183428896803
346,2026-12-13,160497116.15045497,0.621342858954713,35.600323448697445,1.833287367646925,105.03962880081731
347,2026-12-14,159202150.8996616,0.6184281822461211,35.433324774650046,1.8460118657846112,105.7686888405288
348,2026-12-15,157910005.40628892,0.6153860163330314,35.25902150725144,1.8588746574831554,106.50567251761129
349,2026-12-16,156620989.02762938,0.6122134300559945,35.077245703436105,1.8718783987866658,107.2507320121824
350,2026-12-17,155335419.16734812,0.6089074445626501,34.887826687536,1.8850257911475892,108.00402210606583
351,2026-12-18,154053621.4609048,0.6054650347766382,34.69059113544298,1.8983195799515835,108.76570009827297
352,2026-12-19,152775929.96137094,0.6018831311460935,34.48536317479019,1.9117625527568929,109.53592570412634
353,2026-12-20,151502687.32500017,0.598158621697745,34.27196450264322,1.925357537221645,110.31486093650255
354,2026-12-21,150234244.9958993,0.5942883544233193,34.05021452223102,1.9391073986903906,111.10266996755124
355,2026-12-22,148970963.38902476,0.5902691400271403,33.81993050037175,1.9530150374097224,111.89951896916168
356,2026-12-23,147713212.07069194,0.5860977550645425,33.58092774729056,1.9670833853416596,112.70557593038328
357,2026-12-24,146461369.93564832,0.5817709455024049,33.33301982062323,1.9813154025418669,113.52101044991275
358,2026-12-25,145215825.37960422,0.5772854307340065,33.07601875545039,1.995714073069181,114.34599350172725
359,2026-12-26,143976976.46600243,0.5726379080824033,32.809735322322084,2.010282400391015,115.18069717183349
360,2026-12-27,142745231.08553752,0.567825057827978,32.533979315315044,2.025023402248198,116.02529436404456
361,2026-12-28,141521007.10683534,0.5628435487980061,32.24855987229135,2.0399401049396406,116.87995847251567
362,2026-12-29,140304732.51647106,0.5576900445582615,31.95328582965121,2.055035536985592,117.74486301867522
363,2026-12-30,139096845.5464611,0.5523612102480167,31.64796611394967,2.07031272212484,118.62018124999409
364,2026-12-31,137897794.78720805,0.5468537201013022,31.332410172833043,2.085774671599613,119.50608569794312
